DISHWASHER,HOME THEATER,TOOTH BRUSH,PROJECTOR,HEADPHONES,SDD,BULB
PENDRIVE,HOME SYSTEM,PRINTER,FRIDGE,WIRELESS CHARGER,TELEVISON,WATCH,LAMP,TOOTHPASTE,VACUUM CLEANER,EARPHONES,LAPTOP,HDD
CAMERA,ADAPTER,MONITOR,TRIMMER,CHARGING WIRE,WASHING MACHINE,CALCULATOR,CELL PHONES,EARPODS,BLUETOOTH SPEAKER
SDD,EARPHONES,EARPODS,TOOTH BRUSH
VACUUM CLEANER,WIRELESS CHARGER,PROJECTOR,WASHING MACHINE,WATCH
DISHWASHER,CALCULATOR,HOME THEATER,LAPTOP,MONITOR,TRIMMER,PENDRIVE,CELL PHONES
BLUETOOTH SPEAKER,TELEVISON,PRINTER,HOME SYSTEM,CAMERA,HDD,FRIDGE,CHARGING WIRE,BULB,HEADPHONES,LAMP
HOME THEATER,LAPTOP,MONITOR,TRIMMER,PENDRIVE,CELL PHONES,TOOTHPASTE
LAMP,TOOTHPASTE,WATCH,SDD
HEADPHONES,CHARGING WIRE,CELL PHONES,HOME THEATER,VACUUM CLEANER,BLUETOOTH SPEAKER,PRINTER,PROJECTOR
TELEVISON,TOOTH BRUSH,ADAPTER,PENDRIVE
CAMERA,HOME SYSTEM,CALCULATOR,WIRELESS CHARGER,EARPODS,BULB,WASHING MACHINE,HDD,DISHWASHER,FRIDGE,TRIMMER
MONITOR,LAPTOP,EARPHONES
CHARGING WIRE,HEADPHONES,TOOTH BRUSH,HDD,WATCH,BLUETOOTH SPEAKER,PENDRIVE
VACUUM CLEANER,WIRELESS CHARGER,PROJECTOR,WASHING MACHINE,WATCH
DISHWASHER,CALCULATOR,HOME THEATER,LAPTOP,MONITOR,TRIMMER,PENDRIVE,CELL PHONES
BLUETOOTH SPEAKER,TELEVISON,PRINTER,HOME SYSTEM,CAMERA,HDD,FRIDGE,CHARGING WIRE,BULB,HEADPHONES,LAMP
HOME THEATER,LAPTOP,MONITOR,TRIMMER,PENDRIVE,CELL PHONES,TOOTHPASTE
DISHWASHER,BULB,WIRELESS CHARGER,HOME THEATER,CALCULATOR
FRIDGE,CAMERA,CELL PHONES
